method,FG,AC,OC
CC,0.016928,0.002843,0.001636
ACC,0.021561,0.003643,0.002377
PCC,0.023084,0.003335,0.001981
PACC,0.029545,0.004353,0.002796
EMQ,0.054495,0.015165,0.019192
