method,FG,AC,OC
CC,0.299699,0.455986,0.325549
ACC,0.400524,0.507858,0.534261
PCC,0.486446,0.599821,0.451072
PACC,0.533982,0.608093,0.683823
EMQ,1.298393,4.984634,8.989022
